{
    "WHIP": 1,
    "WHIP_uniqueWeightsEnabled": true,
    "WHIP_power": 1,
    "WHIP_area": 2,
    "WHIP_amount": 3,
    "VAMPIRICA": 2,
    "VAMPIRICA_uniqueWeightsEnabled": true,
    "VAMPIRICA_power": 1,
    "VAMPIRICA_area": 2,
    "VAMPIRICA_amount": 3,
    "VAMPIRICA_critChance": 4,
    "MAGIC_MISSILE": 3,
    "MAGIC_MISSILE_uniqueWeightsEnabled": true,
    "MAGIC_MISSILE_power": 1,
    "MAGIC_MISSILE_area": 2,
    "MAGIC_MISSILE_speed": 3,
    "MAGIC_MISSILE_penetrating": 4,
    "MAGIC_MISSILE_amount": 5,
    "HOLY_MISSILE": 4,
    "HOLY_MISSILE_uniqueWeightsEnabled": true,
    "HOLY_MISSILE_power": 1,
    "HOLY_MISSILE_area": 2,
    "HOLY_MISSILE_speed": 3,
    "HOLY_MISSILE_penetrating": 4,
    "HOLY_MISSILE_amount": 5,
    "KNIFE": 5,
    "KNIFE_uniqueWeightsEnabled": true,
    "KNIFE_power": 1,
    "KNIFE_area": 2,
    "KNIFE_speed": 3,
    "KNIFE_penetrating": 4,
    "KNIFE_amount": 5,
    "THOUSAND": 6,
    "THOUSAND_uniqueWeightsEnabled": true,
    "THOUSAND_power": 1,
    "THOUSAND_area": 2,
    "THOUSAND_speed": 3,
    "THOUSAND_penetrating": 4,
    "THOUSAND_amount": 5,
    "AXE": 7,
    "AXE_uniqueWeightsEnabled": true,
    "AXE_power": 1,
    "AXE_area": 2,
    "AXE_speed": 3,
    "AXE_penetrating": 4,
    "AXE_amount": 5,
    "SCYTHE": 8,
    "SCYTHE_uniqueWeightsEnabled": true,
    "SCYTHE_power": 1,
    "SCYTHE_area": 2,
    "SCYTHE_speed": 3,
    "SCYTHE_amount": 4,
    "CROSS": 9,
    "CROSS_uniqueWeightsEnabled": true,
    "CROSS_power": 1,
    "CROSS_area": 2,
    "CROSS_speed": 3,
    "CROSS_amount": 4,
    "HEAVENSWORD": 10,
    "HEAVENSWORD_uniqueWeightsEnabled": true,
    "HEAVENSWORD_power": 1,
    "HEAVENSWORD_area": 2,
    "HEAVENSWORD_speed": 3,
    "HEAVENSWORD_critChance": 4,
    "HEAVENSWORD_amount": 5,
    "HOLYBOOK": 11,
    "HOLYBOOK_uniqueWeightsEnabled": true,
    "HOLYBOOK_power": 1,
    "HOLYBOOK_area": 2,
    "HOLYBOOK_speed": 3,
    "HOLYBOOK_duration": 4,
    "HOLYBOOK_amount": 5,
    "VESPERS": 12,
    "VESPERS_uniqueWeightsEnabled": true,
    "VESPERS_power": 1,
    "VESPERS_area": 2,
    "VESPERS_speed": 3,
    "VESPERS_duration": 4,
    "VESPERS_amount": 5,
    "FIREBALL": 13,
    "FIREBALL_uniqueWeightsEnabled": true,
    "FIREBALL_power": 1,
    "FIREBALL_area": 2,
    "FIREBALL_speed": 3,
    "FIREBALL_amount": 4,
    "HELLFIRE": 14,
    "HELLFIRE_uniqueWeightsEnabled": true,
    "HELLFIRE_power": 1,
    "HELLFIRE_area": 2,
    "HELLFIRE_speed": 3,
    "HELLFIRE_amount": 4,
    "GARLIC": 15,
    "GARLIC_uniqueWeightsEnabled": true,
    "GARLIC_power": 1,
    "GARLIC_area": 2,
    "VORTEX": 16,
    "VORTEX_uniqueWeightsEnabled": true,
    "VORTEX_power": 1,
    "VORTEX_area": 2,
    "HOLYWATER": 17,
    "HOLYWATER_uniqueWeightsEnabled": true,
    "HOLYWATER_power": 1,
    "HOLYWATER_area": 2,
    "HOLYWATER_duration": 3,
    "HOLYWATER_amount": 4,
    "BORA": 18,
    "BORA_uniqueWeightsEnabled": true,
    "BORA_power": 1,
    "BORA_area": 2,
    "BORA_duration": 3,
    "BORA_amount": 4,
    "DIAMOND": 19,
    "DIAMOND_uniqueWeightsEnabled": true,
    "DIAMOND_power": 1,
    "DIAMOND_area": 2,
    "DIAMOND_speed": 3,
    "DIAMOND_duration": 4,
    "DIAMOND_amount": 5,
    "ROCHER": 20,
    "ROCHER_uniqueWeightsEnabled": true,
    "ROCHER_power": 1,
    "ROCHER_area": 2,
    "ROCHER_speed": 3,
    "ROCHER_duration": 4,
    "ROCHER_amount": 5,
    "LIGHTNING": 21,
    "LIGHTNING_uniqueWeightsEnabled": true,
    "LIGHTNING_power": 1,
    "LIGHTNING_area": 2,
    "LIGHTNING_amount": 3,
    "LOOP": 22,
    "LOOP_uniqueWeightsEnabled": true,
    "LOOP_power": 1,
    "LOOP_area": 2,
    "LOOP_amount": 3,
    "PENTAGRAM": 23,
    "PENTAGRAM_uniqueWeightsEnabled": true,
    "PENTAGRAM_chance": 1,
    "SIRE": 24,
    "SIRE_uniqueWeightsEnabled": true,
    "SIRE_amount": 1,
    "SILF": 25,
    "SILF_uniqueWeightsEnabled": true,
    "SILF_power": 1,
    "SILF_area": 2,
    "SILF_speed": 3,
    "SILF_duration": 4,
    "SILF_amount": 5,
    "SILF2": 26,
    "SILF2_uniqueWeightsEnabled": true,
    "SILF2_power": 1,
    "SILF2_area": 2,
    "SILF2_speed": 3,
    "SILF2_duration": 4,
    "SILF2_amount": 5,
    "SILF3": 27,
    "SILF3_uniqueWeightsEnabled": true,
    "SILF3_power": 1,
    "SILF3_area": 2,
    "SILF3_speed": 3,
    "SILF3_duration": 4,
    "SILF3_amount": 5,
    "GUNS": 28,
    "GUNS_uniqueWeightsEnabled": true,
    "GUNS_power": 1,
    "GUNS_area": 2,
    "GUNS_speed": 3,
    "GUNS_penetrating": 4,
    "GUNS_amount": 5,
    "GUNS2": 29,
    "GUNS2_uniqueWeightsEnabled": true,
    "GUNS2_power": 1,
    "GUNS2_area": 2,
    "GUNS2_speed": 3,
    "GUNS2_penetrating": 4,
    "GUNS2_amount": 5,
    "GUNS3": 30,
    "GUNS3_uniqueWeightsEnabled": true,
    "GUNS3_power": 1,
    "GUNS3_area": 2,
    "GUNS3_speed": 3,
    "GUNS3_penetrating": 4,
    "GUNS3_amount": 5,
    "GATTI": 31,
    "GATTI_uniqueWeightsEnabled": true,
    "GATTI_power": 1,
    "GATTI_area": 2,
    "GATTI_speed": 3,
    "GATTI_duration": 4,
    "GATTI_amount": 5,
    "STIGRANGATTI": 32,
    "STIGRANGATTI_uniqueWeightsEnabled": true,
    "STIGRANGATTI_power": 1,
    "STIGRANGATTI_area": 2,
    "STIGRANGATTI_speed": 3,
    "STIGRANGATTI_duration": 4,
    "STIGRANGATTI_amount": 5,
    "SONG": 33,
    "SONG_uniqueWeightsEnabled": true,
    "SONG_power": 1,
    "SONG_area": 2,
    "SONG_duration": 3,
    "MANNAGGIA": 34,
    "MANNAGGIA_uniqueWeightsEnabled": true,
    "MANNAGGIA_power": 1,
    "MANNAGGIA_area": 2,
    "MANNAGGIA_duration": 3,
    "TRAPANO": 35,
    "TRAPANO_uniqueWeightsEnabled": true,
    "TRAPANO_power": 1,
    "TRAPANO_area": 2,
    "TRAPANO_speed": 3,
    "TRAPANO_duration": 4,
    "TRAPANO_amount": 5,
    "TRAPANO2": 36,
    "TRAPANO2_uniqueWeightsEnabled": true,
    "TRAPANO2_power": 1,
    "TRAPANO2_area": 2,
    "TRAPANO2_speed": 3,
    "TRAPANO2_duration": 4,
    "TRAPANO2_amount": 5,
    "LANCET": 37,
    "LANCET_uniqueWeightsEnabled": true,
    "LANCET_duration": 1,
    "CORRIDOR": 38,
    "CORRIDOR_uniqueWeightsEnabled": true,
    "CORRIDOR_duration": 1,
    "LAUREL": 39,
    "LAUREL_uniqueWeightsEnabled": true,
    "SHROUD": 40,
    "SHROUD_uniqueWeightsEnabled": true,
    "SHROUD_power": 1,
    "SHROUD_area": 2,
    "SHROUD_amount": 3,
    "VENTO": 41,
    "VENTO_uniqueWeightsEnabled": true,
    "VENTO_power": 1,
    "VENTO_area": 2,
    "VENTO_speed": 3,
    "VENTO_duration": 4,
    "VENTO_amount": 5,
    "VENTO2": 42,
    "VENTO2_uniqueWeightsEnabled": true,
    "VENTO2_power": 1,
    "VENTO2_area": 2,
    "VENTO2_speed": 3,
    "VENTO2_duration": 4,
    "VENTO2_amount": 5,
    "BONE": 43,
    "BONE_uniqueWeightsEnabled": true,
    "BONE_power": 1,
    "BONE_area": 2,
    "BONE_speed": 3,
    "BONE_duration": 4,
    "BONE_amount": 5,
    "CHERRY": 44,
    "CHERRY_uniqueWeightsEnabled": true,
    "CHERRY_power": 1,
    "CHERRY_area": 2,
    "CHERRY_speed": 3,
    "CHERRY_chance": 4,
    "CHERRY_duration": 5,
    "CHERRY_amount": 6,
    "CART2": 45,
    "CART2_uniqueWeightsEnabled": true,
    "CART2_power": 1,
    "CART2_area": 2,
    "CART2_speed": 3,
    "CART2_amount": 4,
    "FLOWER": 46,
    "FLOWER_uniqueWeightsEnabled": true,
    "FLOWER_power": 1,
    "FLOWER_area": 2,
    "FLOWER_speed": 3,
    "FLOWER_duration": 4,
    "FLOWER_amount": 5,
    "ROBBA": 47,
    "ROBBA_uniqueWeightsEnabled": true,
    "ROBBA_power": 1,
    "ROBBA_area": 2,
    "ROBBA_speed": 3,
    "ROBBA_duration": 4,
    "ROBBA_amount": 5,
    "TRIASSO1": 48,
    "TRIASSO1_uniqueWeightsEnabled": true,
    "TRIASSO1_power": 1,
    "TRIASSO1_area": 2,
    "TRIASSO1_duration": 3,
    "TRIASSO1_amount": 4,
    "TRIASSO2": 49,
    "TRIASSO2_uniqueWeightsEnabled": true,
    "TRIASSO2_power": 1,
    "TRIASSO2_area": 2,
    "TRIASSO2_duration": 3,
    "TRIASSO2_amount": 4,
    "TRIASSO3": 50,
    "TRIASSO3_uniqueWeightsEnabled": true,
    "TRIASSO3_power": 1,
    "TRIASSO3_area": 2,
    "TRIASSO3_duration": 3,
    "TRIASSO3_amount": 4,
    "VICTORY": 51,
    "VICTORY_uniqueWeightsEnabled": true,
    "VICTORY_power": 1,
    "VICTORY_area": 2,
    "VICTORY_amount": 3,
    "JUBILEE": 52,
    "JUBILEE_uniqueWeightsEnabled": true,
    "JUBILEE_power": 1,
    "JUBILEE_area": 2,
    "JUBILEE_speed": 3,
    "JUBILEE_duration": 4,
    "JUBILEE_amount": 5,
    "MISSPELL": 53,
    "MISSPELL_uniqueWeightsEnabled": true,
    "MISSPELL_power": 1,
    "MISSPELL_area": 2,
    "MISSPELL_duration": 3,
    "MISSPELL_amount": 4,
    "MISSPELL2": 54,
    "MISSPELL2_uniqueWeightsEnabled": true,
    "MISSPELL2_power": 1,
    "MISSPELL2_area": 2,
    "MISSPELL2_duration": 3,
    "MISSPELL2_amount": 4
}
